id,kategorija
206711,Motor Yacht
220074,Superyacht
230003,Motor Yacht
231011,Sailing Yacht
239523,Motor Yacht
239537,Motor Yacht
239908,Sport Boat
247145,Sport Boat
261062,Flybridge
261062,Motor Yacht
262794,Motor Yacht
270274,Sport Boat
273873,Sailing Yacht
282652,Sailing Yacht
284556,Superyacht
284709,Motor Yacht
285211,Sailing Yacht
288670,Motorsailer
291605,Sailing Yacht
292624,Sailing Yacht
292667,Sport Boat
299430,Motor Yacht
304409,Superyacht
306114,Superyacht
319083,Hardtop
319515,Flybridge
319515,Motor Yacht
327966,Sailing Yacht
331513,Ketch
331513,Sailing Yacht
331964,Flybridge
331964,Motor Yacht
332758,Motor Yacht
341550,Fishing Boat
345761,Motor Yacht
347426,Motor Yacht
347455,Superyacht
348124,Motor Yacht
349769,Motor Yacht
350480,Sailing Yacht
355477,Sailing Yacht
355761,Deck Boat
356893,Sailing Yacht
356903,Sailing Yacht
356905,Flybridge
356905,Motor Yacht
364643,RIB
364702,Motor Yacht
364703,Motor Yacht
366755,Power Catamaran
369728,Flybridge
369728,Motor Yacht
371409,Catamaran
373400,Motor Yacht
373415,Motor Yacht
375749,Motor Yacht
377883,Hardtop
379887,Sailing Yacht
382030,Sailing Yacht
390033,Classic Power Boat
390033,Motor Yacht
393510,Sport Boat
395340,Sailing Yacht
395639,Motor Yacht
403517,Catamaran
403535,Catamaran
403537,Sailing Yacht
403986,Sailing Yacht
411579,RIB
411590,Motor Yacht
411998,Sailing Yacht
414828,Trawler
415802,Pilothouse
416847,Sport Boat
419192,Motor Yacht
419694,Sailing Yacht
420217,Sailing Yacht
420683,Sailing Yacht
422446,Sport Boat
425260,Catamaran
425327,Motor Yacht
426125,RIB
426358,Motor Yacht
427777,Hardtop
429544,Sailing Yacht
430491,Motor Yacht
431026,Motor Yacht
431115,Pilothouse
431117,Cabin Cruiser
431124,Trawler
432653,Flybridge
432653,Motor Yacht
433491,Motor Yacht
434103,Catamaran
441711,Flybridge
441711,Motor Yacht
442672,Motor Yacht
444385,Sailing Yacht
444390,Sailing Yacht
446613,Flybridge
446613,Motor Yacht
447706,Ketch
447706,Sailing Yacht
448475,Sailing Yacht
451360,Flybridge
451360,Motor Yacht
451536,Motor Yacht
453583,Flybridge
453583,Motor Yacht
455411,Motor Yacht
456927,Flybridge
456927,Motor Yacht
457731,Sailing Yacht
459974,Sailing Yacht
460713,Pilothouse
461042,Flybridge
461042,Motor Yacht
461262,Cabin Cruiser
461468,Cabin Cruiser
461674,Motor Yacht
463341,Trawler
463342,Trawler
463344,Trawler
463394,Trawler
463395,Trawler
463396,Trawler
463398,Trawler
463844,Catamaran
464646,Motor Yacht
465094,Sport Boat
465804,Trawler
466147,RIB
466192,Ketch
466192,Sailing Yacht
466198,Flybridge
466198,Motor Yacht
466217,Motor Yacht
466222,Flybridge
466222,Motor Yacht
466226,Flybridge
466226,Motor Yacht
466231,Sport Boat
466280,Hardtop
469662,Flybridge
469662,Motor Yacht
469803,Sailing Yacht
469816,Sailing Yacht
471432,Motor Yacht
471887,Sailing Yacht
471991,Motor Yacht
473733,Sailing Yacht
473802,Motor Yacht
474355,Cabin Cruiser
475029,Motor Yacht
475424,Sailing Yacht
475829,Sailing Yacht
477215,Superyacht
477419,Motor Yacht
477497,Motorsailer
477926,Flybridge
477926,Motor Yacht
478083,Classic Sailing Yacht
478574,Motorsailer
479503,Motor Yacht
479562,Motor Yacht
479570,Sailing Yacht
479949,Hardtop
480261,Motor Yacht
480497,Motor Yacht
480497,Sport Boat
480785,Flybridge
480785,Motor Yacht
481089,Sailing Yacht
481378,Flybridge
481378,Motor Yacht
481809,Trawler
482780,Motor Yacht
483156,Cabin Cruiser
483156,Hardtop
483156,Motor Yacht
483259,Sailing Yacht
483734,Trawler
483821,Keelboat
483823,Flybridge
483823,Motor Yacht
483922,Motor Yacht
484201,Motor Yacht
484419,Sport Boat
484817,Motor Yacht
486385,Trawler
487336,Flybridge
487336,Motor Yacht
487338,Sailing Yacht
487614,Ketch
487614,Sailing Yacht
487719,Trawler
487759,Motor Yacht
487760,Motor Yacht
487761,Motor Yacht
487805,Flybridge
487805,Motor Yacht
488022,Sailing Yacht
488526,Flybridge
488526,Motor Yacht
488832,Motor Yacht
488966,Flybridge
488966,Motor Yacht
489206,Sailing Yacht
489853,Flybridge
489853,Motor Yacht
490535,Sport Boat
490583,Flybridge
490583,Motor Yacht
490686,Flybridge
490686,Motor Yacht
491225,Flybridge
491225,Motor Yacht
491228,Motor Yacht
491374,Flybridge
491374,Motor Yacht
491426,Motor Yacht
492336,Motor Yacht
492712,Motor Yacht
492916,Hardtop
493183,Motor Yacht
493401,Sailing Yacht
494012,Sailing Yacht
494587,Motor Yacht
494825,Hardtop
495348,Superyacht
495388,Catamaran
495403,Catamaran
495629,Catamaran
495682,Flybridge
495682,Motor Yacht
495687,Motor Yacht
495924,Motor Yacht
496051,Motor Yacht
496117,Motor Yacht
496392,RIB
496459,RIB
496492,Cabin Cruiser
496492,Motor Yacht
496736,Sport Boat
496921,Sport Boat
496931,Regatta Boat
498900,Flybridge
498902,Motor Yacht
499153,Flybridge
499153,Motor Yacht
499575,Flybridge
499575,Motor Yacht
499899,Sport Boat
499999,Flybridge
499999,Motor Yacht
500160,Motor Yacht
500197,RIB
500704,Sailing Yacht
501233,Motor Yacht
501235,Sailing Yacht
501384,Daysailer
501534,Motor Yacht
501692,Motor Yacht
501772,RIB
502314,Motorsailer
502718,Sailing Yacht
502775,Trawler
502824,Motor Yacht
502829,Sailing Yacht
503020,Hardtop
503633,Sailing Yacht
503701,Sailing Yacht
503829,Motor Yacht
504597,Catamaran
504618,Sailing Yacht
504685,Sailing Yacht
504814,Motor Yacht
504982,Motor Yacht
504992,Motor Yacht
505383,Motor Yacht
505607,Flybridge
505607,Motor Yacht
505618,Motor Yacht
505730,Daysailer
505985,Flybridge
505985,Motor Yacht
506325,Flybridge
506325,Motor Yacht
506485,RIB
506501,Flybridge
506501,Motor Yacht
506708,Flybridge
506708,Motor Yacht
506859,Trawler
506867,Catamaran
507120,Motor Yacht
507245,Sailing Yacht
507246,Sailing Yacht
507247,Sailing Yacht
507248,Sailing Yacht
507278,Sailing Yacht
507419,Motor Yacht
507493,Sailing Yacht
507886,Motor Yacht
507890,Motor Yacht
508012,Hardtop
508027,Flybridge
508550,Sailing Yacht
508555,Motor Yacht
508686,Flybridge
508686,Motor Yacht
508784,Motor Yacht
508833,Hardtop
508834,Motor Yacht
509096,Cabin Cruiser
509130,Motor Yacht
509130,Sport Boat
509193,Sailing Yacht
509194,Catamaran
509293,Motor Yacht
509294,Motor Yacht
509805,Sailing Yacht
509847,Motor Yacht
509945,Hardtop
510037,Motor Yacht
510050,Motor Yacht
510051,Flybridge
510051,Motor Yacht
510349,Motor Yacht
510393,Motor Yacht
510710,Motor Yacht
510793,Flybridge
510793,Motor Yacht
510794,Motor Yacht
510812,Motor Yacht
510829,Cabin Cruiser
510829,Hardtop
510829,Motor Yacht
510834,Trawler
510836,Trawler
510838,Trawler
510840,Trawler
510942,Motor Yacht
511043,Motor Yacht
511232,Flybridge
511232,Motor Yacht
511359,Motor Yacht
511360,Flybridge
511360,Motor Yacht
511503,Motor Yacht
511710,Motor Yacht
512047,Flybridge
512047,Hardtop
512047,Motor Yacht
512171,Daysailer
512180,Motor Yacht
512277,Motor Yacht
512439,Motor Yacht
512827,Motor Yacht
512958,Sailing Yacht
513124,Motor Yacht
513264,Motor Yacht
513280,Catamaran
513412,Flybridge
513412,Motor Yacht
513415,Motor Yacht
513818,Motor Yacht
513976,Motor Yacht
513976,Sport Boat
514120,Hardtop
514239,Motor Yacht
514246,Flybridge
514246,Motor Yacht
514396,Motor Yacht
514397,Sport Boat
514411,Sailing Yacht
514488,Hardtop
514524,Motor Yacht
514561,Sailing Yacht
514691,Sailing Yacht
515121,Motor Yacht
515126,Hardtop
515186,Cruising Yacht
515186,Sailing Yacht
515190,Motor Yacht
515205,Motor Yacht
515308,Catamaran
515374,Pilothouse
515501,Hardtop
515611,Motor Yacht
515787,Motor Yacht
515805,Flybridge
515805,Motor Yacht
515867,Flybridge
515867,Motor Yacht
515898,Cruising Yacht
515898,Sailing Yacht
515908,Flybridge
515908,Motor Yacht
515935,Flybridge
515935,Motor Yacht
516158,Flybridge
516158,Motor Yacht
516159,Flybridge
516159,Motor Yacht
516326,Hardtop
516410,Catamaran
516559,Keelboat
516579,Flybridge
516579,Motor Yacht
516580,Pilothouse
516583,Motor Yacht
516590,Hardtop
516693,Motor Yacht
516698,Sailing Yacht
517043,Motor Yacht
517077,Motor Yacht
517178,Superyacht
517179,Sport Boat
517471,Motor Yacht
517472,Motor Yacht
517502,Sailing Yacht
517774,Sport Boat
517779,Trawler
517781,Sailing Yacht
517789,Flybridge
517789,Motor Yacht
517794,Motor Yacht
517879,Sailing Yacht
517896,Sailing Yacht
518063,Sport Boat
518121,Center Cockpit
518230,Catamaran
518231,Sailing Yacht
518531,Flybridge
518531,Motor Yacht
518747,Flybridge
518747,Motor Yacht
518816,Motor Yacht
518819,Flybridge
518819,Motor Yacht
518820,Flybridge
518820,Motor Yacht
518821,Sport Boat
519125,Motor Yacht
519253,Motor Yacht
519289,RIB
519318,Flybridge
519425,Cabin Cruiser
519646,Motor Yacht
519955,Motor Yacht
520049,Motor Yacht
520050,Pilothouse
520188,Sport Boat
520192,RIB
520241,Flybridge
520241,Motor Yacht
520242,Flybridge
520242,Motor Yacht
520243,Hardtop
520244,Hardtop
520294,Hardtop
520298,Motor Yacht
520352,Motor Yacht
520583,Flybridge
520583,Motor Yacht
520613,Catamaran
520660,Sailing Yacht
520895,Flybridge
520895,Motor Yacht
520908,RIB
520915,Flybridge
520915,Motor Yacht
520916,Motor Yacht
521153,Sailing Yacht
521273,Motor Yacht
521287,Motor Yacht
521434,Hardtop
521508,Keelboat
521564,Sailing Yacht
521627,RIB
521780,Motor Yacht
521907,Keelboat
522191,Sailing Yacht
522213,Motor Yacht
522214,Sailing Yacht
522296,Hardtop
522361,Catamaran
522505,Sailing Yacht
522525,Trawler
522690,Hardtop
522691,Hardtop
522790,Motor Yacht
522863,Flybridge
522863,Motor Yacht
523119,Motor Yacht
523387,Motor Yacht
523500,Motor Yacht
523569,Sailing Yacht
523580,Sport Boat
523661,Catamaran
523662,Sailing Yacht
523727,Motor Yacht
523928,Motor Yacht
523958,Flybridge
523958,Motor Yacht
523986,Sailing Yacht
523987,Sailing Yacht
524009,RIB
524041,Motor Yacht
524122,Motor Yacht
524199,Bowrider
524199,Sport Boat
524204,Hardtop
524233,Flybridge
524233,Motor Yacht
524550,Sailing Yacht
524559,Motor Yacht
524618,Superyacht
524623,Catamaran
524769,Catamaran
524770,Sailing Yacht
524774,Motor Yacht
524924,Motor Yacht
524969,Sailing Yacht
524971,Sailing Yacht
524974,Sailing Yacht
525008,Flybridge
525008,Motor Yacht
525023,Classic Sailing Yacht
525023,Daysailer
525023,Sailing Yacht
525116,Motor Yacht
525135,Hardtop
525616,Motor Yacht
525730,Sailing Yacht
525733,Sport Boat
525839,Motor Yacht
526208,Sailing Yacht
526254,Motor Yacht
526282,Sailing Yacht
526293,Sailing Yacht
526305,Flybridge
526305,Motor Yacht
526306,Cabin Cruiser
526390,Flybridge
526390,Motor Yacht
526586,Flybridge
526586,Motor Yacht
526662,Keelboat
526663,Power Catamaran
527159,RIB
527237,Motor Yacht
527271,Motor Yacht
527281,Motor Yacht
527355,Motor Yacht
527390,RIB
527640,RIB
527732,Sailing Yacht
527758,Motor Yacht
527807,Cabin Cruiser
527962,Motor Yacht
527985,Flybridge
527985,Motor Yacht
528059,Hardtop
528217,Keelboat
528272,Flybridge
528272,Motor Yacht
528391,Flybridge
528391,Motor Yacht
528453,Flybridge
528453,Motor Yacht
528598,Flybridge
528598,Motor Yacht
528598,Sport Boat
528617,Flybridge
528617,Motor Yacht
528639,Motor Yacht
528732,Sailing Yacht
528979,Cabin Cruiser
528979,Motor Yacht
528995,Sailing Yacht
528997,Sailing Yacht
529165,Sailing Yacht
529468,Sailing Yacht
529469,Sailing Yacht
529810,Sport Boat
530012,Motor Yacht
530018,RIB
530096,Hardtop
530096,Motor Yacht
530096,Pilothouse
530144,Cabin Cruiser
530144,Sport Boat
530213,Flybridge
530213,Motor Yacht
530230,Sailing Yacht
530237,Motor Yacht
530286,Bowrider
530286,Sport Boat
530286,Wakeboard/Wakesurf
530483,Motorsailer
530506,Sailing Yacht
530507,Sailing Yacht
530517,Sailing Yacht
530558,Sailing Yacht
530565,Sailing Yacht
530595,Cabin Cruiser
530599,Sailing Yacht
530601,Sailing Yacht
530797,Flybridge
530797,Motor Yacht
530799,Flybridge
530799,Motor Yacht
530801,Cabin Cruiser
530803,Flybridge
530803,Motor Yacht
530804,Flybridge
530804,Motor Yacht
530807,Cabin Cruiser
530810,Cabin Cruiser
530812,Bowrider
530812,Sport Boat
530816,Flybridge
530816,Motor Yacht
530883,Motor Yacht
530898,Bowrider
530898,Sport Boat
530975,Motor Yacht
530977,Sailing Yacht
531082,Motor Yacht
531082,Sport Boat
531141,Flybridge
531141,Motor Yacht
531279,Center Console
531295,Motor Yacht
531499,Flybridge
531499,Motor Yacht
531591,Sailing Yacht
531592,Sailing Yacht
531619,Trawler
531704,Motor Yacht
531705,Motor Yacht
531706,Motor Yacht
531827,Hardtop
531871,Flybridge
531871,Motor Yacht
531897,Motor Yacht
531959,Motor Yacht
531988,Cabin Cruiser
532180,Motor Yacht
532262,Sport Boat
532387,RIB
532412,Motor Yacht
532417,Motor Yacht
532542,Sailing Yacht
532730,Trimaran
533003,Catamaran
533015,Hardtop
533016,Motor Yacht
533033,Flybridge
533033,Motor Yacht
533154,Motor Yacht
533165,Sailing Yacht
533241,Sailing Yacht
533244,Sailing Yacht
533247,Sailing Yacht
533249,Hardtop
533319,Motor Yacht
533320,Sailing Yacht
533322,Motor Yacht
533324,Flybridge
533324,Motor Yacht
533491,Hardtop
533554,Cabin Cruiser
533632,Sailing Yacht
533633,Sailing Yacht
533785,Hardtop
533943,Flybridge
533943,Motor Yacht
533987,Motor Yacht
534016,Catamaran
534016,Sailing Yacht
534142,RIB
534215,Motor Yacht
534232,Sailing Yacht
534282,RIB
534481,Catamaran
534482,Sailing Yacht
534490,Motor Yacht
534571,Sport Boat
534583,Motor Yacht
534734,Cruising Yacht
534734,Keelboat
534734,Sailing Yacht
534747,Flybridge
534777,Motor Yacht
534807,Motor Yacht
534942,Superyacht
534993,Cabin Cruiser
535055,Trawler
535089,Flybridge
535089,Motor Yacht
535091,Motor Yacht
535378,Catamaran
535378,Sailing Yacht
535406,Sailing Yacht
535550,Catamaran
535589,Motor Yacht
535749,Motor Yacht
535751,Motor Yacht
535753,Motor Yacht
535791,Cabin Cruiser
535800,Motor Yacht
535811,Sailing Yacht
535941,Regatta Boat
535953,Motor Yacht
535954,Motor Yacht
536021,Center Cockpit
536074,Motor Yacht
536075,Superyacht
536091,Catamaran
536092,Sailing Yacht
536093,Catamaran
536111,Motor Yacht
536278,Motor Yacht
536337,Sport Boat
536349,Cabin Cruiser
536408,Cabin Cruiser
536408,Flybridge
536408,Motor Yacht
536471,Cabin Cruiser
536477,Motor Yacht
536478,Motor Yacht
536504,Fishing Boat
536799,Flybridge
536799,Motor Yacht
536808,Trawler
536945,Sailing Yacht
536965,Sport Boat
537003,RIB
537061,Motor Yacht
537062,Pilothouse
537076,Flybridge
537076,Motor Yacht
537171,Motor Yacht
537172,Sailing Yacht
537309,Superyacht
537394,Flybridge
537394,Motor Yacht
537399,Sailing Yacht
537400,Dinghy
537406,Motor Yacht
537453,Sport Boat
537542,Flybridge
537542,Motor Yacht
537548,Sport Boat
537561,Sailing Yacht
537568,Sport Boat
537720,Flybridge
537720,Motor Yacht
537830,Motor Yacht
537839,Motor Yacht
537846,Sport Boat
537848,Motorsailer
537848,Sailing Yacht
537880,Motor Yacht
537952,Catamaran
537969,Cabin Cruiser
537970,Trawler
537981,Sailing Yacht
538046,Cabin Cruiser
538125,Bowrider
538125,Motor Yacht
538125,Sport Boat
538391,Flybridge
538391,Motor Yacht
538492,Daysailer
538601,Bowrider
538601,Cabin Cruiser
538601,Sport Boat
538620,RIB
538751,Flybridge
538751,Motor Yacht
538883,Sport Boat
538994,Motor Yacht
538996,Motor Yacht
538997,Motor Yacht
539035,Motor Yacht
539036,Motor Yacht
539037,Flybridge
539037,Motor Yacht
539075,Motorsailer
539077,Regatta Boat
539192,Pilothouse
539349,Motor Yacht
539400,Sailing Yacht
539521,Flybridge
539521,Motor Yacht
539525,Sailing Yacht
539526,Sailing Yacht
539610,Motor Yacht
539663,Flybridge
539663,Motor Yacht
539707,Motor Yacht
539716,Catamaran
539825,Sailing Yacht
540013,Sailing Yacht
540139,Cabin Cruiser
540139,Motor Yacht
540139,Sport Boat
540202,Sport Boat
540217,Trawler
540230,Sailing Yacht
540240,Motor Yacht
540281,Sailing Yacht
540282,Sailing Yacht
540312,Sailing Yacht
540351,Motor Yacht
540351,Sport Boat
540351,Trawler
540396,Sailing Yacht
540454,Catamaran
540455,Sailing Yacht
540456,Catamaran
540601,Cruising Yacht
540601,Deck Saloon
540601,Sailing Yacht
540953,Flybridge
540953,Motor Yacht
540968,Motor Yacht
540973,Sport Boat
541024,Sailing Yacht
541136,Cruising Yacht
541136,Daysailer
541136,Deck Saloon
541139,Flybridge
541141,Sailing Yacht
541167,Sailing Yacht
541173,Motor Yacht
541256,Center Console
541296,Motor Yacht
541323,Motor Yacht
541348,Sailing Yacht
541443,Motor Yacht
541553,Motor Yacht
541746,Motor Yacht
541808,Daysailer
541808,Sailing Yacht
541921,Motor Yacht
542037,RIB
542052,RIB
542153,Flybridge
542153,Motor Yacht
542158,Sailing Yacht
542159,Hardtop
542202,Motor Yacht
542241,Cabin Cruiser
542299,Trawler
542304,Motor Yacht
542308,Motor Yacht
542311,Pilothouse
542395,Motor Yacht
542443,Sailing Yacht
542444,Sailing Yacht
542445,Sailing Yacht
542448,Sailing Yacht
542450,RIB
542461,Flybridge
542477,Cruising Dinghy
542477,Sailing Yacht
542511,Motor Yacht
542864,Motor Yacht
543010,Sailing Yacht
543047,Motor Yacht
543051,Flybridge
543051,Motor Yacht
543059,Sailing Yacht
543066,Flybridge
543066,Motor Yacht
543067,Motor Yacht
543201,Ketch
543273,Motor Yacht
543318,Catamaran
543368,Motor Yacht
543552,Flybridge
543552,Motor Yacht
543568,Cabin Cruiser
543568,Sport Boat
543605,Motor Yacht
543782,Sailing Yacht
543783,Sailing Yacht
543884,Motor Yacht
543910,Hardtop
543914,Catamaran
543918,Sailing Yacht
543975,Sailing Yacht
544021,Sailing Yacht
544031,Motor Yacht
544068,Motor Yacht
544071,Sailing Yacht
544085,Sailing Yacht
544086,Motor Yacht
544137,Motor Yacht
544263,Hardtop
544264,Flybridge
544264,Motor Yacht
544283,Sport Boat
544304,Flybridge
544304,Motor Yacht
544358,Flybridge
544358,Motor Yacht
544403,Deck Boat
544404,Sailing Yacht
544418,Sailing Yacht
544419,Catamaran
544422,Flybridge
544422,Motor Yacht
544686,Sailing Yacht
544700,Sailing Yacht
544726,Center Cockpit
544780,Cabin Cruiser
544800,Catamaran
544803,Flybridge
544803,Motor Yacht
544804,Sailing Yacht
544867,Flybridge
544867,Motor Yacht
544896,Catamaran
544943,Flybridge
544943,Motor Yacht
544946,Motorsailer
544947,Motor Yacht
544954,Sailing Yacht
544972,Flybridge
544972,Motor Yacht
545010,Flybridge
545010,Motor Yacht
545043,Cabin Cruiser
545058,Center Console
545067,Flybridge
545068,Classic Power Boat
545122,Sailing Yacht
545253,Motor Yacht
545362,Flybridge
545362,Motor Yacht
545370,Hardtop
545371,Motor Yacht
545382,Motor Yacht
545386,Motor Yacht
545514,Hardtop
545568,Cabin Cruiser
545568,Motor Yacht
545568,Sport Boat
545572,Motor Yacht
545588,Flybridge
545588,Motor Yacht
545744,Cabin Cruiser
545773,Sailing Yacht
545774,Sailing Yacht
545871,Cruising Yacht
545871,Keelboat
545871,Sailing Yacht
545888,Cabin Cruiser
545893,Catamaran
545894,Sailing Yacht
545895,Flybridge
545907,Motor Yacht
545908,Motor Yacht
545922,Sailing Yacht
545923,Sailing Yacht
545949,RIB
545950,Flybridge
545950,Motor Yacht
545998,Motor Yacht
545998,Sport Boat
546053,Sailing Yacht
546054,Trawler
546069,Motor Yacht
546088,Flybridge
546088,Motor Yacht
546148,Center Console
546387,Flybridge
546387,Motor Yacht
546438,Motor Yacht
546470,Sport Boat
546484,Cruising Yacht
546484,Sailing Yacht
546528,Cabin Cruiser
546528,Motor Yacht
546528,Trawler
546551,Motor Yacht
546551,Sport Boat
546552,Motor Yacht
546562,Sailing Yacht
546595,Hardtop
546595,Motor Yacht
546600,Sailing Yacht
546668,Hardtop
546669,Flybridge
546669,Motor Yacht
546681,Catamaran
546688,Catamaran
546690,Sailing Yacht
546795,Sailing Yacht
546836,Catamaran
546837,Catamaran
546862,Motor Yacht
546864,Flybridge
546864,Motor Yacht
546871,RIB
546957,Sailing Yacht
546995,Motor Yacht
546996,Flybridge
546996,Motor Yacht
547008,Sailing Yacht
547025,Trawler
547027,Motor Yacht
547028,Foldable Inflatable Boat
547037,Sport Boat
547143,Catamaran
547144,Catamaran
547160,Flybridge
547160,Motor Yacht
547205,Motor Yacht
547215,Classic Power Boat
547217,Motor Yacht
547331,Daysailer
547405,Motor Yacht
547406,Sailing Yacht
547418,Motor Yacht
547418,Sport Boat
547444,Sailing Yacht
547445,Catamaran
547446,Sailing Yacht
547447,Sailing Yacht
547557,Hardtop
547571,Motor Yacht
547598,Sailing Yacht
547617,Motor Yacht
547772,Motor Yacht
547773,Sailing Yacht
547774,Catamaran
547795,Center Cockpit
547795,Cruising Yacht
547795,Sailing Yacht
547831,Cabin Cruiser
547831,Motor Yacht
547936,Sailing Yacht
547937,Motor Yacht
547970,Motor Yacht
548088,Catamaran
548089,Sailing Yacht
548090,Sailing Yacht
548091,Sailing Yacht
548092,Sport Boat
548093,Catamaran
548094,Catamaran
548178,Sailing Yacht
548241,Sailing Yacht
548279,Sailing Yacht
548280,Motor Yacht
548286,Motor Yacht
548298,Hardtop
548299,Motor Yacht
548300,Flybridge
548300,Motor Yacht
548321,Sailing Yacht
548376,Flybridge
548376,Motor Yacht
548501,Sailing Yacht
548502,Sailing Yacht
548530,Cabin Cruiser
548530,Motor Yacht
548530,Sport Boat
548538,Sailing Yacht
548575,Cabin Cruiser
548575,Trawler
548619,Sailing Yacht
548625,Motor Yacht
548625,Sport Boat
548634,Superyacht
548688,Motor Yacht
548736,Flybridge
548736,Motor Yacht
548737,Motor Yacht
548771,Sailing Yacht
548773,Catamaran
548774,Sailing Yacht
548776,Sailing Yacht
548784,Sailing Yacht
548789,Motor Yacht
548801,Flybridge
548801,Motor Yacht
548802,RIB
548807,RIB
548854,Cabin Cruiser
548854,Classic Power Boat
548854,Sport Boat
548900,Flybridge
548900,Motor Yacht
548903,Sailing Yacht
548906,Sailing Yacht
548927,Cruising Yacht
548927,Sailing Yacht
548933,Sailing Yacht
548943,Cabin Cruiser
548943,Motor Yacht
548943,Sport Boat
549036,Sailing Yacht
549048,Sailing Yacht
549074,Sailing Yacht
549155,Sailing Yacht
549172,Center Cockpit
549177,Cabin Cruiser
549177,Motor Yacht
549224,Sailing Yacht
549225,Sailing Yacht
549226,Sailing Yacht
549245,Motor Yacht
549259,Motor Yacht
549265,Motor Yacht
549303,Flybridge
549303,Motor Yacht
549349,Motor Yacht
549352,Flybridge
549352,Motor Yacht
549356,Sailing Yacht
549363,Sailing Yacht
549371,Flybridge
549371,Motor Yacht
549383,Sailing Yacht
549385,Sport Boat
549399,Motor Yacht
549464,Motorsailer
549474,Sailing Yacht
549482,Sailing Yacht
549508,Flybridge
549508,Motor Yacht
549508,Trawler
549543,Sailing Yacht
549557,Motor Yacht
549566,Motor Yacht
549579,Bowrider
549579,Sport Boat
549584,Catamaran
549585,Power Catamaran
549594,Sailing Yacht
549613,Sailing Yacht
549728,Hardtop
549728,Motor Yacht
549737,Sailing Yacht
549772,Catamaran
549773,Sailing Yacht
549782,Motor Yacht
549802,Motor Yacht
549845,Sailing Yacht
549860,Cabin Cruiser
549860,Motor Yacht
549860,Sport Boat
549892,Cabin Cruiser
549903,Trawler
549911,Keelboat
549912,Sailing Yacht
549923,Sailing Yacht
549924,Pilothouse
549979,RIB
549998,Sport Boat
550004,Flybridge
550004,Motor Yacht
550008,Catamaran
550054,Sailing Yacht
550055,Sailing Yacht
550084,Sailing Yacht
550117,Classic Power Boat
550127,Deck Saloon
550127,Sailing Yacht
550157,Cruising Yacht
550157,Sailing Yacht
550158,Power Catamaran
550163,Sailing Yacht
550180,Flybridge
550180,Motor Yacht
550183,Hardtop
550208,Sailing Yacht
550220,Flybridge
550220,Motor Yacht
550241,Flybridge
550241,Motor Yacht
550256,Sport Boat
550257,Motor Yacht
550276,Motor Yacht
550281,Hardtop
550334,Sailing Yacht
550337,Motor Yacht
550337,Sport Boat
550515,Cabin Cruiser
550515,Sport Boat
550569,Flybridge
550569,Motor Yacht
550569,Sport Boat
550663,Deck Saloon
550663,Ketch
550663,Motorsailer
550694,Flybridge
550694,Motor Yacht
550739,Motor Yacht
550747,Hardtop
550750,Hardtop
550751,Cabin Cruiser
550788,Sport Boat
550848,Sailing Yacht
550873,Motor Yacht
550881,Motor Yacht
550907,Motor Yacht
550915,RIB
550972,Center Console
551003,Center Console
551005,Cabin Cruiser
551024,Sailing Yacht
551070,Sport Boat
551071,RIB
551078,Classic Sailing Yacht
551115,Cabin Cruiser
551115,Motor Yacht
551115,Sport Boat
551135,Hardtop
551160,Motor Yacht
551172,Motor Yacht
551173,Motor Yacht
551214,RIB
551218,Motor Yacht
551223,Hardtop
551233,Keelboat
551233,Sailing Yacht
551238,Cruising Yacht
551238,Sailing Yacht
551273,Keelboat
551273,Sailing Yacht
551294,Hardtop
551295,Sailing Yacht
551411,Hardtop
551412,Catamaran
551421,Flybridge
551421,Motor Yacht
551433,Motor Yacht
551458,Motor Yacht
551484,Sailing Yacht
551491,Flybridge
551491,Motor Yacht
551519,Motor Yacht
551521,Cabin Cruiser
551521,Motor Yacht
551521,Trawler
551564,Motor Yacht
551569,Sport Boat
551575,Cabin Cruiser
551575,Motor Yacht
551575,Sport Boat
551592,Motor Yacht
551592,Wakeboard/Wakesurf
551592,Water Ski
551617,Flybridge
551617,Motor Yacht
551617,Trawler
551740,Motor Yacht
551752,Sport Boat
551758,Sailing Yacht
551763,Hardtop
551769,Sailing Yacht
551770,Sailing Yacht
551801,Ketch
551801,Sailing Yacht
551857,Sailing Yacht
551924,Sailing Yacht
551993,Center Console
551995,Center Console
552011,Hardtop
552011,Motor Yacht
552011,Sport Boat
552053,Cabin Cruiser
552053,Classic Power Boat
552053,Motor Yacht
552064,Cabin Cruiser
552065,Cabin Cruiser
552071,Cabin Cruiser
552074,Cabin Cruiser
552100,Flybridge
552100,Motor Yacht
552155,Sailing Yacht
552225,Sailing Yacht
552232,Ketch
552232,Sailing Yacht
552262,Classic Power Boat
552262,Motor Yacht
552278,Flybridge
552282,Sailing Yacht
552313,RIB
552339,Sport Boat
552342,Sailing Yacht
552364,Motor Yacht
552365,Sailing Yacht
552367,Hardtop
552446,Sport Boat
552477,Flybridge
552477,Motor Yacht
552504,Hardtop
552508,Sailing Yacht
552526,Motor Yacht
552575,Hardtop
552581,Sailing Yacht
